design,model,stage1_parse_s,stage2_tile_build_s,stage3_feature_extract_s,stage4_model_load_s,stage5_predict_s,stage6_spef_write_s,stage7_compare_s,total_e2e_s,n_nets,tot_mape_med,gnd_mape_med,cpl_mape_med,R2_tot,spef_bytes
intel22_tv80s_f3,PINN-v12-mesh,1.8219999999999998,0.0,4.9,0.241,3.459,0.037,0.001,10.46,3169,8.232922498591167,17.703516546783305,14.369280681531949,0.9934130959151112,183488
intel22_nova_f3,PINN-v12-mesh,64.141,0.0,6.468,0.029,20.287,0.188,0.005,91.118,92425,7.880902894166467,19.970839259218774,15.189770287849532,0.9905335666208595,5809233
