target,source_model,n,tot_mape_med,tot_mape_mean,tot_r2,gnd_mape_med,cpl_mape_med
intel22_tv80s_f3,intel22-model (same-PDK),3169,4.975413703840407,6.194990127391013,0.9935648077978486,17.9928428624938,13.500272808995048
intel22_tv80s_f3,asap7-model (cross-PDK),3169,175.0998813613865,186.10168590588435,-0.401629170530029,48.619760067298515,314.81333949503437
intel22_nova_f3,intel22-model (same-PDK),92425,5.338149251307757,6.770198205394354,0.9913569087986784,17.43957101093682,15.201738094692452
intel22_nova_f3,asap7-model (cross-PDK),92425,186.77235571137442,191.6718492570614,0.6837666720291278,50.10023437535654,356.37945413712345
asap7_tv80s_x1,asap7-model (same-PDK),3328,6.739492620286192,8.653716905886434,0.985360228065863,20.33124935956075,9.054005381904961
asap7_tv80s_x1,intel22-model (cross-PDK),3328,67.05329889493059,60.745055595602196,0.35435086779309755,58.486279969400016,69.04532101660837
