{
  "pdk": "asap7",
  "step_a_per_category": {
    "auto": {
      "n": 14847,
      "ratio_g": 0.9771827479951622,
      "ratio_c": 1.0046661071838425
    },
    "bus": {
      "n": 7060,
      "ratio_g": 1.011959066553817,
      "ratio_c": 0.9771332756926099
    },
    "cts": {
      "n": 222,
      "ratio_g": 1.1191910457398087,
      "ratio_c": 1.0072108863348617
    },
    "cts_buf": {
      "n": 3643,
      "ratio_g": 1.054995704464715,
      "ratio_c": 1.0280910503073026
    },
    "fe_buf": {
      "n": 381,
      "ratio_g": 0.9669974902000068,
      "ratio_c": 1.0107651347564426
    },
    "other": {
      "n": 4792,
      "ratio_g": 0.9679198390470554,
      "ratio_c": 0.9989812758319405
    }
  },
  "step_b_per_fanout_log": {
    "gnd": {
      "x": [
        1.9999642372131348,
        2.442403793334961,
        2.6951651573181152,
        3.082859754562378,
        3.7824087142944336,
        4.712525844573975,
        5.171842575073242,
        5.485369682312012,
        5.804805755615234,
        6.166653156280518,
        6.570953845977783,
        7.016635894775391
      ],
      "ratio": [
        1.0058607826378805,
        0.9998170204644303,
        1.0069598890053677,
        1.0023692428976079,
        0.9983040422539678,
        0.9759505721194095,
        0.9919075345132046,
        0.9879354954001789,
        0.9863442439741742,
        0.9609429327384217,
        1.0034820140234868,
        1.1208297499782554
      ]
    },
    "cpl": {
      "x": [
        1.9999642372131348,
        2.442403793334961,
        2.6951651573181152,
        3.082859754562378,
        3.7824087142944336,
        4.712525844573975,
        5.171842575073242,
        5.485369682312012,
        5.804805755615234,
        6.166653156280518,
        6.570953845977783,
        7.016635894775391
      ],
      "ratio": [
        1.0209377922139808,
        0.9912620148002992,
        0.9981004705421352,
        0.9981289692541202,
        0.99553995670662,
        0.990668805238023,
        0.998897132820554,
        1.001555574677205,
        1.006236631779674,
        1.0018025480234085,
        0.993811517326672,
        1.0001786221744589
      ]
    }
  },
  "step_c_per_total_log": {
    "x": [
      0.07196193544435629,
      0.13380446806588678,
      0.22461381356467178,
      0.3440652428581002,
      0.616542110368099,
      1.139501220434892,
      1.5519614390177296,
      1.8906945752469597,
      2.2111219419615042,
      2.5707179722843727,
      3.007635503971587,
      3.5643524022829753
    ],
    "ratio": [
      1.008654624144219,
      1.004681155456129,
      1.007246019013707,
      1.007452071170028,
      1.0067776700801325,
      1.0001948676458667,
      0.9958153530873256,
      1.0159203320409032,
      1.01997385459187,
      1.0063976215958224,
      0.9956348491718711,
      1.039875810397555
    ]
  },
  "baseline_valid_mape": {
    "gnd": 24.864,
    "cpl": 8.784,
    "tot": 7.292
  },
  "after_a_valid_mape": {
    "gnd": 24.829,
    "cpl": 8.697,
    "tot": 7.254
  },
  "after_b_valid_mape": {
    "gnd": 24.743,
    "cpl": 8.675,
    "tot": 7.266
  },
  "after_c_valid_mape_tot": 7.187
}