{
  "pdk": "asap7",
  "step_a_per_category": {
    "auto": {
      "n": 14847,
      "ratio_g": 0.9794099428856975,
      "ratio_c": 1.0024739949137442
    },
    "bus": {
      "n": 7060,
      "ratio_g": 1.0098164392283935,
      "ratio_c": 0.9802605980121637
    },
    "cts": {
      "n": 222,
      "ratio_g": 1.0904571856815,
      "ratio_c": 1.0068201656281044
    },
    "cts_buf": {
      "n": 3643,
      "ratio_g": 1.0428044151266875,
      "ratio_c": 1.0228180459305507
    },
    "fe_buf": {
      "n": 381,
      "ratio_g": 0.9648700357997246,
      "ratio_c": 1.0094914040630296
    },
    "other": {
      "n": 4792,
      "ratio_g": 0.9711099171702589,
      "ratio_c": 1.000894629831302
    }
  },
  "step_b_per_fanout_log": {
    "gnd": {
      "x": [
        1.9453721046447754,
        2.4372622966766357,
        2.696428060531616,
        3.0862832069396973,
        3.7494986057281494,
        4.697282791137695,
        5.185414791107178,
        5.499218463897705,
        5.814314365386963,
        6.165210247039795,
        6.586356163024902,
        7.018945693969727
      ],
      "ratio": [
        1.0047298399378297,
        0.9968977105309244,
        1.0126620534474546,
        1.0005149113147902,
        1.000068787567226,
        0.9756788041336959,
        0.9962386444242448,
        0.9790114868531382,
        0.9904442755557918,
        0.9690292940433106,
        1.000643067162769,
        1.120410193367973
      ]
    },
    "cpl": {
      "x": [
        1.9453721046447754,
        2.4372622966766357,
        2.696428060531616,
        3.0862832069396973,
        3.7494986057281494,
        4.697282791137695,
        5.185414791107178,
        5.499218463897705,
        5.814314365386963,
        6.165210247039795,
        6.586356163024902,
        7.018945693969727
      ],
      "ratio": [
        1.0221801654634228,
        0.9995821836287063,
        0.997442225484227,
        0.9986474189802627,
        0.9989540479019294,
        0.9966959015996475,
        0.9980255545039652,
        0.9986425015897813,
        1.0068708628151972,
        1.0012234009871517,
        0.982099710867931,
        1.0112254151016478
      ]
    }
  },
  "step_c_per_total_log": {
    "x": [
      0.07212359232281691,
      0.1347030607614743,
      0.22514734291414057,
      0.3442402154781345,
      0.6182407289093721,
      1.1343194754224664,
      1.5496982629377765,
      1.8914020007588372,
      2.213930036198355,
      2.567479376027716,
      3.001633382682921,
      3.569531561513596
    ],
    "ratio": [
      1.0089807843661627,
      1.0042451846424456,
      1.0049320289555166,
      1.0065414688207266,
      1.008923775061164,
      0.9999782711738825,
      0.9975487908914744,
      1.0120588641141044,
      1.0173762295441957,
      1.0106224236119317,
      0.9944469001698909,
      1.0325730180270092
    ]
  },
  "baseline_valid_mape": {
    "gnd": 24.682,
    "cpl": 8.537,
    "tot": 7.086
  },
  "after_a_valid_mape": {
    "gnd": 24.656,
    "cpl": 8.472,
    "tot": 7.085
  },
  "after_b_valid_mape": {
    "gnd": 24.602,
    "cpl": 8.478,
    "tot": 7.075
  },
  "after_c_valid_mape_tot": 7.017
}