{
  "pdk": "asap7",
  "step_a_per_category": {
    "auto": {
      "n": 14847,
      "ratio_g": 0.9722337203233542,
      "ratio_c": 1.0144702450317833
    },
    "bus": {
      "n": 7060,
      "ratio_g": 1.0177591918537958,
      "ratio_c": 0.9713805961047853
    },
    "cts": {
      "n": 222,
      "ratio_g": 1.1105729114264915,
      "ratio_c": 0.991713256654446
    },
    "cts_buf": {
      "n": 3643,
      "ratio_g": 1.0552350665943633,
      "ratio_c": 1.0516848888780785
    },
    "fe_buf": {
      "n": 381,
      "ratio_g": 0.954843063884107,
      "ratio_c": 1.0211814683914529
    },
    "other": {
      "n": 4792,
      "ratio_g": 0.9655658928129782,
      "ratio_c": 1.000980388206281
    }
  },
  "step_b_per_fanout_log": {
    "gnd": {
      "x": [
        1.9999642372131348,
        2.442403793334961,
        2.6951651573181152,
        3.082859754562378,
        3.7824087142944336,
        4.712525844573975,
        5.171842575073242,
        5.485369682312012,
        5.804805755615234,
        6.166653156280518,
        6.570953845977783,
        7.016635894775391
      ],
      "ratio": [
        1.0030594676837912,
        0.9946774944691827,
        0.9991502396931857,
        0.9965259847307693,
        0.997825789350077,
        0.9717334840550653,
        0.9977983798658572,
        0.9867147862947884,
        0.9901665984888752,
        0.9699842813480243,
        1.0021520677180238,
        1.1231166280791212
      ]
    },
    "cpl": {
      "x": [
        1.9999642372131348,
        2.442403793334961,
        2.6951651573181152,
        3.082859754562378,
        3.7824087142944336,
        4.712525844573975,
        5.171842575073242,
        5.485369682312012,
        5.804805755615234,
        6.166653156280518,
        6.570953845977783,
        7.016635894775391
      ],
      "ratio": [
        1.0253552161537627,
        0.9910242570644618,
        0.9997242142543814,
        1.007025072065822,
        0.989529968519582,
        0.9758521812075271,
        1.000840458125093,
        1.003503865326354,
        1.009239115787503,
        1.0087876418690023,
        0.9896010084217344,
        0.9940361997849194
      ]
    }
  },
  "step_c_per_total_log": {
    "x": [
      0.07232403476905949,
      0.1333204071131493,
      0.22484038857101357,
      0.3435951506080329,
      0.6179900013465789,
      1.1448269400185458,
      1.5347121838296605,
      1.8856557204629378,
      2.203721654863577,
      2.566983550979331,
      3.012702827032643,
      3.586886756879475
    ],
    "ratio": [
      1.001167689113136,
      1.0045836100863899,
      1.0071193208142757,
      1.008176812152702,
      1.0149294228804817,
      1.01020192510147,
      1.0038737487011162,
      1.0191147014957853,
      1.0189806205078769,
      1.0058904606872114,
      0.9922058390306688,
      1.0280897159767823
    ]
  },
  "baseline_valid_mape": {
    "gnd": 24.846,
    "cpl": 11.215,
    "tot": 9.179
  },
  "after_a_valid_mape": {
    "gnd": 24.801,
    "cpl": 11.026,
    "tot": 9.071
  },
  "after_b_valid_mape": {
    "gnd": 24.679,
    "cpl": 11.021,
    "tot": 9.047
  },
  "after_c_valid_mape_tot": 8.993
}