{
  "kind": "ridge_loglog",
  "feats": [
    "n_aggressor_nets",
    "n_cuboids",
    "n_edges_lt_1um",
    "n_edges_1_to_3um",
    "broadside_overlap_total_um2",
    "lateral_overlap_total_um2",
    "total_metal_area_um2",
    "bbox_xy_um2"
  ],
  "coef": [
    0.0,
    -0.24945282279616218,
    0.5813102436145011,
    -0.32436215678825936,
    5.555451679217048,
    1.2181808393983573,
    0.8723842300413934,
    0.22207485789048617
  ],
  "intercept": 1.8731283946856052
}