{
  "kind": "ridge_loglog",
  "feats": [
    "n_aggressor_nets",
    "n_cuboids",
    "n_edges_lt_1um",
    "n_edges_1_to_3um",
    "broadside_overlap_total_um2",
    "lateral_overlap_total_um2",
    "total_metal_area_um2",
    "bbox_xy_um2"
  ],
  "coef": [
    -1.244154043283976,
    -0.23386258207342017,
    0.8194698265463498,
    -0.16145444990886432,
    3.2889857693992757,
    0.7258152925360986,
    1.478182386967751,
    0.11122931250325889
  ],
  "intercept": 8.117879953115192
}