{
  "kind": "ridge_loglog",
  "feats": [
    "n_aggressor_nets",
    "n_cuboids",
    "n_edges_lt_1um",
    "n_edges_1_to_3um",
    "broadside_overlap_total_um2",
    "lateral_overlap_total_um2",
    "total_metal_area_um2",
    "bbox_xy_um2"
  ],
  "coef": [
    0.0,
    -0.2494528227961655,
    0.5813102436145039,
    -0.3243621567882629,
    5.555451679217019,
    1.2181808393983589,
    0.8723842300414718,
    0.2220748578904777
  ],
  "intercept": 1.8731283946856199
}