{
  "pdk": "intel22",
  "step_a_per_category": {
    "auto": {
      "n": 7706,
      "ratio_g": 0.9988651564729175,
      "ratio_c": 0.9990098470686096
    },
    "bus": {
      "n": 1302,
      "ratio_g": 0.9697514928123536,
      "ratio_c": 0.9971851591486907
    },
    "cts_buf": {
      "n": 1163,
      "ratio_g": 0.9889719330044873,
      "ratio_c": 1.0042135757979849
    },
    "fe_buf": {
      "n": 417,
      "ratio_g": 0.9926721348195752,
      "ratio_c": 0.9802772408825284
    },
    "other": {
      "n": 1908,
      "ratio_g": 0.9872358060143709,
      "ratio_c": 0.9890089226520686
    },
    "reg": {
      "n": 73,
      "ratio_g": 1.0798087301348231,
      "ratio_c": 0.9486329451308666
    }
  },
  "step_b_per_fanout_log": {
    "gnd": {
      "x": [
        1.150146484375,
        1.7400076389312744,
        2.1658406257629395,
        2.5565037727355957,
        2.8966526985168457,
        3.178586721420288,
        3.4828240871429443,
        3.8787317276000977,
        4.506175518035889,
        5.220557689666748,
        5.7658257484436035,
        6.409699440002441
      ],
      "ratio": [
        0.9991585979856321,
        1.0084484093154562,
        1.0011527548301133,
        1.0164045883174695,
        1.0091618950554122,
        1.0049813852428424,
        1.0089790051423355,
        1.0085155764113394,
        0.9832188810723638,
        0.9919559505822293,
        1.0020180870192188,
        0.9797389571906878
      ]
    },
    "cpl": {
      "x": [
        1.150146484375,
        1.7400076389312744,
        2.1658406257629395,
        2.5565037727355957,
        2.8966526985168457,
        3.178586721420288,
        3.4828240871429443,
        3.8787317276000977,
        4.506175518035889,
        5.220557689666748,
        5.7658257484436035,
        6.409699440002441
      ],
      "ratio": [
        0.996803531009039,
        1.015159298314666,
        1.0012919030891436,
        0.992963417920663,
        1.0075388262318365,
        1.010452093954483,
        0.9992416934030183,
        0.9789428263124917,
        1.0059075865493354,
        1.002854480243941,
        0.9973250325744769,
        1.0002597147377963
      ]
    }
  },
  "step_c_per_total_log": {
    "x": [
      0.11801080617001498,
      0.17031793769355447,
      0.21722885350729051,
      0.2673176241459554,
      0.3301746389238674,
      0.4119902400580071,
      0.5404708148888823,
      0.7717166214729451,
      1.1821958736346754,
      1.725636093192712,
      2.202441260523027,
      2.803453224005917
    ],
    "ratio": [
      1.0209573733973492,
      1.0084955923651124,
      1.0142602066373407,
      1.00756617728082,
      1.0092266087234458,
      1.007764004860177,
      1.0100957786258251,
      1.011520673992449,
      1.009996225807842,
      1.008550395318222,
      1.0085365989588038,
      1.012250025793734
    ]
  },
  "baseline_valid_mape": {
    "gnd": 18.532,
    "cpl": 12.47,
    "tot": 4.807
  },
  "after_a_valid_mape": {
    "gnd": 18.493,
    "cpl": 12.524,
    "tot": 4.855
  },
  "after_b_valid_mape": {
    "gnd": 18.506,
    "cpl": 12.438,
    "tot": 4.852
  },
  "after_c_valid_mape_tot": 4.753
}