{
  "pdk": "intel22",
  "step_a_per_category": {
    "auto": {
      "n": 7706,
      "ratio_g": 0.9941414650947609,
      "ratio_c": 0.9981776546006762
    },
    "bus": {
      "n": 1302,
      "ratio_g": 0.9708485165720777,
      "ratio_c": 0.997686437058953
    },
    "cts_buf": {
      "n": 1163,
      "ratio_g": 0.9910283971764349,
      "ratio_c": 0.9991198157204148
    },
    "fe_buf": {
      "n": 417,
      "ratio_g": 0.9899600694084063,
      "ratio_c": 0.9816346258462365
    },
    "other": {
      "n": 1908,
      "ratio_g": 0.9904700309320945,
      "ratio_c": 0.9935305184723389
    },
    "reg": {
      "n": 73,
      "ratio_g": 1.0767051805284849,
      "ratio_c": 0.9470600239771262
    }
  },
  "step_b_per_fanout_log": {
    "gnd": {
      "x": [
        1.150146484375,
        1.7400076389312744,
        2.1658406257629395,
        2.5565037727355957,
        2.8966526985168457,
        3.178586721420288,
        3.4828240871429443,
        3.8787317276000977,
        4.506175518035889,
        5.220557689666748,
        5.7658257484436035,
        6.409699440002441
      ],
      "ratio": [
        1.0007099123913756,
        1.0105884642935414,
        1.0043748512466162,
        1.021224153177815,
        1.0073516910929254,
        1.0076080862575532,
        1.0043569317327428,
        1.0119514701758492,
        0.97564541158874,
        0.9912871267499254,
        0.9967594259676567,
        0.9825811143651859
      ]
    },
    "cpl": {
      "x": [
        1.150146484375,
        1.7400076389312744,
        2.1658406257629395,
        2.5565037727355957,
        2.8966526985168457,
        3.178586721420288,
        3.4828240871429443,
        3.8787317276000977,
        4.506175518035889,
        5.220557689666748,
        5.7658257484436035,
        6.409699440002441
      ],
      "ratio": [
        1.0005053717760943,
        1.015093020641576,
        0.9976451024534094,
        0.9836088083943721,
        0.9956458687846117,
        0.9997558550037547,
        0.9975506534193704,
        0.9843311993484947,
        1.004621771242368,
        1.0052498572550594,
        1.0028050285677166,
        1.002205458703886
      ]
    }
  },
  "step_c_per_total_log": {
    "x": [
      0.11773545032082129,
      0.1699946043027277,
      0.21656938457735359,
      0.2676191012818454,
      0.3298907657099025,
      0.4126161222651076,
      0.5413964079241456,
      0.7719875154312148,
      1.1796880730037123,
      1.7235214266474472,
      2.202633603290961,
      2.8048928970110545
    ],
    "ratio": [
      1.0221448250176883,
      1.0098403894236379,
      1.0151102601974031,
      1.010262256045896,
      1.0087467909913492,
      1.0105516831579413,
      1.0117732320006454,
      1.0107187262864008,
      1.0123676337939866,
      1.0083770336090723,
      1.0111602849007222,
      1.0115065367996587
    ]
  },
  "baseline_valid_mape": {
    "gnd": 18.565,
    "cpl": 12.087,
    "tot": 4.472
  },
  "after_a_valid_mape": {
    "gnd": 18.555,
    "cpl": 12.123,
    "tot": 4.569
  },
  "after_b_valid_mape": {
    "gnd": 18.481,
    "cpl": 12.107,
    "tot": 4.57
  },
  "after_c_valid_mape_tot": 4.419
}